Chris Pratt,1979,Guardians of the Galaxy
Zoe Saldana,1978,Guardians of the Galaxy
Dave Bautista,1969,Guardians of the Galaxy
Vin Diesel,1967,Guardians of the Galaxy
Bradley Cooper,1975,Guardians of the Galaxy
Lee Pace,1979,Guardians of the Galaxy
Michael Rooker,1955,Guardians of the Galaxy
Karen Gillan,1987,Guardians of the Galaxy
Djimon Hounsou,1964,Guardians of the Galaxy
Ellen Burstyn,1932,Interstellar
Matthew McConaughey,1969,Interstellar
Mackenzie Foy,2000,Interstellar
John Lithgow,1945,Interstellar
David Oyelowo,1976,Interstellar
Collette Wolfe,1980,Interstellar
Francis X. McCarthy,1942,Interstellar
Bill Irwin,1950,Interstellar
Ralph Fiennes,1962,The Grand Budapest Hotel
F. Murray Abraham,1939,The Grand Budapest Hotel
Mathieu Amalric,1965,The Grand Budapest Hotel
Adrien Brody,1973,The Grand Budapest Hotel
Willem Dafoe,1955,The Grand Budapest Hotel
Jeff Goldblum,1952,The Grand Budapest Hotel
Harvey Keitel,1939,The Grand Budapest Hotel
Jude Law,1972,The Grand Budapest Hotel
Bill Murray,1950,The Grand Budapest Hotel
Ben Affleck,1972,Gone Girl
Rosamund Pike,1979,Gone Girl
Neil Patrick Harris,1973,Gone Girl
Tyler Perry,1969,Gone Girl
Carrie Coon,1981,Gone Girl
Kim Dickens,1965,Gone Girl
Patrick Fugit,1982,Gone Girl
David Clennon,1943,Gone Girl
Lisa Banes,1955,Gone Girl
Benedict Cumberbatch,1976,The Imitation Game
Keira Knightley,1985,The Imitation Game
Matthew Goode,1978,The Imitation Game
Rory Kinnear,1978,The Imitation Game
Allen Leech,1981,The Imitation Game
Matthew Beard,1989,The Imitation Game
Charles Dance,1946,The Imitation Game
Mark Strong,1963,The Imitation Game
Keanu Reeves,1964,John Wick
Michael Nyqvist,1960,John Wick
Alfie Allen,1986,John Wick
Willem Dafoe,1955,John Wick
Dean Winters,1964,John Wick
Adrianne Palicki,1983,John Wick
Omer Barnea,1980,John Wick
Daniel Bernhardt,1965,John Wick
Hugh Jackman,1968,X-Men: Days of Future Past
James McAvoy,1979,X-Men: Days of Future Past
Michael Fassbender,1977,X-Men: Days of Future Past
Jennifer Lawrence,1990,X-Men: Days of Future Past
Halle Berry,1966,X-Men: Days of Future Past
Nicholas Hoult,1989,X-Men: Days of Future Past
Anna Paquin,1982,X-Men: Days of Future Past
Ellen Page,1987,X-Men: Days of Future Past
Peter Dinklage,1969,X-Men: Days of Future Past
Elizabeth Reaser,1975,Ouija: Origin of Evil
Henry Thomas,1971,Ouija: Origin of Evil
Doug Jones,1960,Ouija: Origin of Evil
Kate Siegel,1982,Ouija: Origin of Evil
Denzel Washington,1954,The Equalizer
Marton Csokas,1966,The Equalizer
David Harbour,1975,The Equalizer
Haley Bennett,1988,The Equalizer
Bill Pullman,1953,The Equalizer
Melissa Leo,1960,The Equalizer
David Meunier,1973,The Equalizer
Angelina Jolie,1975,Maleficent
Elle Fanning,1998,Maleficent
Sharlto Copley,1973,Maleficent
Lesley Manville,1956,Maleficent
Imelda Staunton,1956,Maleficent
Juno Temple,1989,Maleficent
Sam Riley,1980,Maleficent
Brenton Thwaites,1989,Maleficent
Kenneth Cranham,1944,Maleficent
Miles Teller,1987,Whiplash
J.K. Simmons,1955,Whiplash
Paul Reiser,1957,Whiplash
Melissa Benoist,1988,Whiplash
Chris Mulkey,1948,Whiplash
Brad Pitt,1963,Fury
Shia LaBeouf,1986,Fury
Logan Lerman,1992,Fury
Jon Bernthal,1976,Fury
Jim Parrack,1981,Fury
Brad William Henke,1966,Fury
Xavier Samuel,1983,Fury
Colin Firth,1960,Kingsman: The Secret Service
Mark Strong,1963,Kingsman: The Secret Service
Jonno Davies,1992,Kingsman: The Secret Service
Jack Davenport,1973,Kingsman: The Secret Service
Samantha Womack,1972,Kingsman: The Secret Service
Mark Hamill,1951,Kingsman: The Secret Service
Velibor Topic,1970,Kingsman: The Secret Service
Keir Gilchrist,1992,It Follows
Maika Monroe,1993,It Follows
Lili Sepe,1997,It Follows
Olivia Luccardi,1989,It Follows
Tom Cruise,1962,Edge of Tomorrow
Emily Blunt,1983,Edge of Tomorrow
Brendan Gleeson,1955,Edge of Tomorrow
Bill Paxton,1955,Edge of Tomorrow
Jonas Armstrong,1981,Edge of Tomorrow
Tony Way,1978,Edge of Tomorrow
Kick Gurry,1978,Edge of Tomorrow
Franz Drameh,1993,Edge of Tomorrow
Eddie Redmayne,1982,The Theory of Everything
Felicity Jones,1983,The Theory of Everything
Harry Lloyd,1983,The Theory of Everything
Alice Orr-Ewing,1989,The Theory of Everything
David Thewlis,1963,The Theory of Everything
Thomas Morrison,1983,The Theory of Everything
Essie Davis,1970,The Babadook
Hayley McElhinney,1974,The Babadook
Daniel Henshall,1982,The Babadook
Shailene Woodley,1991,Divergent
Theo James,1984,Divergent
Ashley Judd,1968,Divergent
Jai Courtney,1986,Divergent
Ray Stevenson,1964,Divergent
Miles Teller,1987,Divergent
Tony Goldwyn,1960,Divergent
Ansel Elgort,1994,Divergent
Mickey Rourke,1952,Sin City: A Dame to Kill For
Jessica Alba,1981,Sin City: A Dame to Kill For
Josh Brolin,1968,Sin City: A Dame to Kill For
Joseph Gordon-Levitt,1981,Sin City: A Dame to Kill For
Rosario Dawson,1979,Sin City: A Dame to Kill For
Bruce Willis,1955,Sin City: A Dame to Kill For
Eva Green,1980,Sin City: A Dame to Kill For
Powers Boothe,1948,Sin City: A Dame to Kill For
Dennis Haysbert,1954,Sin City: A Dame to Kill For
Aaron Paul,1979,Need for Speed
Dominic Cooper,1978,Need for Speed
Imogen Poots,1989,Need for Speed
Scott Mescudi,1984,Need for Speed
Rami Malek,1981,Need for Speed
Ramon Rodriguez,1979,Need for Speed
Dakota Johnson,1989,Need for Speed
Stevie Ray Dallimore,1967,Need for Speed
Andrew Garfield,1983,The Amazing Spider-Man 2
Emma Stone,1988,The Amazing Spider-Man 2
Jamie Foxx,1967,The Amazing Spider-Man 2
Dane DeHaan,1986,The Amazing Spider-Man 2
Colm Feore,1958,The Amazing Spider-Man 2
Felicity Jones,1983,The Amazing Spider-Man 2
Paul Giamatti,1967,The Amazing Spider-Man 2
Sally Field,1946,The Amazing Spider-Man 2
Embeth Davidtz,1965,The Amazing Spider-Man 2
Luke Evans,1979,Dracula Untold
Sarah Gadon,1987,Dracula Untold
Dominic Cooper,1978,Dracula Untold
Art Parkinson,2001,Dracula Untold
Charles Dance,1946,Dracula Untold
Paul Kaye,1965,Dracula Untold
William Houston,1968,Dracula Untold
Noah Huntley,1974,Dracula Untold
Diego Luna,1979,The Book of Life
Zoe Saldana,1978,The Book of Life
Channing Tatum,1980,The Book of Life
Ron Perlman,1950,The Book of Life
Christina Applegate,1971,The Book of Life
Ice Cube,1969,The Book of Life
Kate del Castillo,1972,The Book of Life
Hector Elizondo,1936,The Book of Life
Danny Trejo,1944,The Book of Life
Frank Grillo,1965,The Purge: Anarchy
Carmen Ejogo,1973,The Purge: Anarchy
Zach Gilford,1982,The Purge: Anarchy
Kiele Sanchez,1977,The Purge: Anarchy
Justina Machado,1972,The Purge: Anarchy
John Beasley,1943,The Purge: Anarchy
Noel Gugliemi,1970,The Purge: Anarchy
Chris Evans,1981,Captain America: The Winter Soldier
Samuel L. Jackson,1948,Captain America: The Winter Soldier
Scarlett Johansson,1984,Captain America: The Winter Soldier
Robert Redford,1936,Captain America: The Winter Soldier
Sebastian Stan,1982,Captain America: The Winter Soldier
Anthony Mackie,1978,Captain America: The Winter Soldier
Cobie Smulders,1982,Captain America: The Winter Soldier
Frank Grillo,1965,Captain America: The Winter Soldier
Mark Wahlberg,1971,Transformers: Age of Extinction
Stanley Tucci,1960,Transformers: Age of Extinction
Kelsey Grammer,1955,Transformers: Age of Extinction
Nicola Peltz,1995,Transformers: Age of Extinction
Jack Reynor,1992,Transformers: Age of Extinction
Titus Welliver,1961,Transformers: Age of Extinction
Sophia Myles,1980,Transformers: Age of Extinction
Bingbing Li,1973,Transformers: Age of Extinction
T.J. Miller,1981,Transformers: Age of Extinction
Megan Fox,1986,Teenage Mutant Ninja Turtles
Will Arnett,1970,Teenage Mutant Ninja Turtles
William Fichtner,1956,Teenage Mutant Ninja Turtles
Alan Ritchson,1984,Teenage Mutant Ninja Turtles
Noel Fisher,1984,Teenage Mutant Ninja Turtles
Pete Ploszek,1987,Teenage Mutant Ninja Turtles
Johnny Knoxville,1971,Teenage Mutant Ninja Turtles
Jeremy Howard,1981,Teenage Mutant Ninja Turtles
Danny Woodburn,1964,Teenage Mutant Ninja Turtles
Tom Ellis,1978,Lucifer
Lauren German,1978,Lucifer
Kevin Alejandro,1976,Lucifer
D.B. Woodside,1969,Lucifer
Rachael Harris,1968,Lucifer
Tricia Helfer,1974,Lucifer
Aimee Garcia,1978,Lucifer
Ian McKellen,1939,The Hobbit: The Battle of the Five Armies
Martin Freeman,1971,The Hobbit: The Battle of the Five Armies
Richard Armitage,1971,The Hobbit: The Battle of the Five Armies
Ken Stott,1955,The Hobbit: The Battle of the Five Armies
Graham McTavish,1961,The Hobbit: The Battle of the Five Armies
James Nesbitt,1965,The Hobbit: The Battle of the Five Armies
Dean O'Gorman,1976,The Hobbit: The Battle of the Five Armies
Laura Allen,1974,Clown
Peter Stormare,1953,Clown
Christian Distefano,2005,Clown
Elizabeth Whitmere,1981,Clown
Michael Keaton,1951,Birdman or (The Unexpected Virtue of Ignorance)
Emma Stone,1988,Birdman or (The Unexpected Virtue of Ignorance)
Zach Galifianakis,1969,Birdman or (The Unexpected Virtue of Ignorance)
Naomi Watts,1968,Birdman or (The Unexpected Virtue of Ignorance)
Andrea Riseborough,1981,Birdman or (The Unexpected Virtue of Ignorance)
Bruce Campbell,1958,The Evil Dead
Ellen Sandweiss,1958,The Evil Dead
Betsy Baker,1955,The Evil Dead
Theresa Tilly,1953,The Evil Dead
Jeff Bridges,1949,The Giver
Meryl Streep,1949,The Giver
Brenton Thwaites,1989,The Giver
Katie Holmes,1978,The Giver
Odeya Rush,1997,The Giver
Cameron Monaghan,1993,The Giver
Taylor Swift,1989,The Giver
Jemaine Clement,1974,What We Do in the Shadows
Taika Waititi,1975,What We Do in the Shadows
Hiroki Hasegawa,1977,Shin Gojira
Yutaka Takenouchi,1971,Shin Gojira
Satomi Ishihara,1986,Shin Gojira
Ren Ohsugi,1951,Shin Gojira
Akira Emoto,1948,Shin Gojira
Mikako Ichikawa,1978,Shin Gojira
Jun Kunimura,1955,Shin Gojira
Pierre Taki,1967,Shin Gojira
Dylan O'Brien,1991,The Maze Runner
Aml Ameen,1985,The Maze Runner
Thomas Brodie-Sangster,1990,The Maze Runner
Will Poulter,1993,The Maze Runner
Kaya Scodelario,1992,The Maze Runner
Chris Sheffield,1988,The Maze Runner
Jake Gyllenhaal,1980,Nightcrawler
Michael Papajohn,1964,Nightcrawler
Bill Paxton,1955,Nightcrawler
James Huang,1977,Nightcrawler
Kent Shocknek,1956,Nightcrawler
Sharon Tay,1966,Nightcrawler
Shailene Woodley,1991,The Fault in Our Stars
Ansel Elgort,1994,The Fault in Our Stars
Nat Wolff,1994,The Fault in Our Stars
Laura Dern,1967,The Fault in Our Stars
Sam Trammell,1969,The Fault in Our Stars
Willem Dafoe,1955,The Fault in Our Stars
Lotte Verbeek,1982,The Fault in Our Stars
Randy Kovitz,1955,The Fault in Our Stars
Dwayne Johnson,1972,Hercules
Ian McShane,1942,Hercules
John Hurt,1940,Hercules
Rufus Sewell,1967,Hercules
Aksel Hennie,1975,Hercules
Reece Ritchie,1986,Hercules
Joseph Fiennes,1970,Hercules
Tobias Santelmann,1980,Hercules
Seth Rogen,1982,Neighbors
Rose Byrne,1979,Neighbors
Brian Huskey,1968,Neighbors
Ike Barinholtz,1977,Neighbors
Carla Gallo,1975,Neighbors
Zac Efron,1987,Neighbors
Dave Franco,1985,Neighbors
Sylvester Stallone,1946,The Expendables 3
Jason Statham,1967,The Expendables 3
Harrison Ford,1942,The Expendables 3
Arnold Schwarzenegger,1947,The Expendables 3
Mel Gibson,1956,The Expendables 3
Wesley Snipes,1962,The Expendables 3
Dolph Lundgren,1957,The Expendables 3
Randy Couture,1963,The Expendables 3
Terry Crews,1968,The Expendables 3
Will Arnett,1970,The Lego Movie
Elizabeth Banks,1974,The Lego Movie
Alison Brie,1982,The Lego Movie
Anthony Daniels,1946,The Lego Movie
Charlie Day,1976,The Lego Movie
Keith Ferguson,1972,The Lego Movie
Lily Collins,1989,"Love, Rosie"
Sam Claflin,1986,"Love, Rosie"
Christian Cooke,1987,"Love, Rosie"
Jaime Winstone,1985,"Love, Rosie"
Suki Waterhouse,1992,"Love, Rosie"
Tamsin Egerton,1988,"Love, Rosie"
Jamie Beamish,1976,"Love, Rosie"
Lorcan Cranitch,1959,"Love, Rosie"
Ellar Coltrane,1994,Boyhood
Patricia Arquette,1968,Boyhood
Lorelei Linklater,1994,Boyhood
Ethan Hawke,1970,Boyhood
Bradley Cooper,1975,American Sniper
Kyle Gallner,1986,American Sniper
Ben Reed,1965,American Sniper
Keir O'Donnell,1978,American Sniper
Scott Adsit,1965,Big Hero 6
Daniel Henney,1979,Big Hero 6
T.J. Miller,1981,Big Hero 6
Jamie Chung,1983,Big Hero 6
Damon Wayans Jr.,1982,Big Hero 6
Genesis Rodriguez,1987,Big Hero 6
James Cromwell,1940,Big Hero 6
Alan Tudyk,1971,Big Hero 6
Jennifer Lawrence,1990,The Hunger Games: Mockingjay - Part 1
Josh Hutcherson,1992,The Hunger Games: Mockingjay - Part 1
Liam Hemsworth,1990,The Hunger Games: Mockingjay - Part 1
Woody Harrelson,1961,The Hunger Games: Mockingjay - Part 1
Donald Sutherland,1935,The Hunger Games: Mockingjay - Part 1
Philip Seymour Hoffman,1967,The Hunger Games: Mockingjay - Part 1
Julianne Moore,1960,The Hunger Games: Mockingjay - Part 1
Willow Shields,2000,The Hunger Games: Mockingjay - Part 1
Sam Claflin,1986,The Hunger Games: Mockingjay - Part 1
Russell Crowe,1964,Noah
Jennifer Connelly,1970,Noah
Ray Winstone,1957,Noah
Anthony Hopkins,1937,Noah
Emma Watson,1990,Noah
Logan Lerman,1992,Noah
Douglas Booth,1992,Noah
Nick Nolte,1941,Noah
Mark Margolis,1939,Noah
Ethan Hawke,1970,Predestination
Jack O'Connell,1990,Unbroken
Domhnall Gleeson,1983,Unbroken
Garrett Hedlund,1984,Unbroken
Finn Wittrock,1984,Unbroken
Jai Courtney,1986,Unbroken
Vincenzo Amato,1966,Unbroken
Amy Adams,1974,Big Eyes
Christoph Waltz,1956,Big Eyes
Danny Huston,1962,Big Eyes
Krysten Ritter,1981,Big Eyes
Jason Schwartzman,1980,Big Eyes
Terence Stamp,1938,Big Eyes
Jon Polito,1950,Big Eyes
Madeleine Arthur,1997,Big Eyes
Michael Pitt,1981,I Origins
Steven Yeun,1983,I Origins
Brit Marling,1982,I Origins
Charles Woods Gray,1949,I Origins
Joanna Newsom,1982,Inherent Vice
Katherine Waterston,1980,Inherent Vice
Joaquin Phoenix,1974,Inherent Vice
Jeannie Berlin,1949,Inherent Vice
Josh Brolin,1968,Inherent Vice
Eric Roberts,1956,Inherent Vice
Serena Scott Thomas,1961,Inherent Vice
Rita Cortese,1949,Relatos salvajes
Julieta Zylberberg,1983,Relatos salvajes
Leonardo Sbaraglia,1970,Relatos salvajes
Jill Larson,1947,The Taking
Anne Ramsay,1960,The Taking
Michelle Ang,1983,The Taking
Brett Gentile,1973,The Taking
Ryan Cutrona,1949,The Taking
Anne Bedian,1972,The Taking
Sullivan Stapleton,1977,300: Rise of an Empire
Eva Green,1980,300: Rise of an Empire
Lena Headey,1973,300: Rise of an Empire
Hans Matheson,1975,300: Rise of an Empire
Callan Mulvey,1975,300: Rise of an Empire
David Wenham,1965,300: Rise of an Empire
Rodrigo Santoro,1975,300: Rise of an Empire
Jack O'Connell,1990,300: Rise of an Empire
Andrew Tiernan,1965,300: Rise of an Empire
Jonah Hill,1983,22 Jump Street
Channing Tatum,1980,22 Jump Street
Peter Stormare,1953,22 Jump Street
Wyatt Russell,1986,22 Jump Street
Amber Stevens West,1986,22 Jump Street
Ice Cube,1969,22 Jump Street
Michelle Monaghan,1976,The Best of Me
James Marsden,1973,The Best of Me
Liana Liberato,1995,The Best of Me
Gerald McRaney,1947,The Best of Me
Caroline Goodall,1959,The Best of Me
Clarke Peters,1952,The Best of Me
Sebastian Arcelus,1976,The Best of Me
Jon Tenney,1961,The Best of Me
Zoey Deutch,1994,Vampire Academy
Danila Kozlovsky,1985,Vampire Academy
Gabriel Byrne,1950,Vampire Academy
Olga Kurylenko,1979,Vampire Academy
Sarah Hyland,1990,Vampire Academy
Cameron Monaghan,1993,Vampire Academy
Sami Gayle,1996,Vampire Academy
Jeff Bridges,1949,Seventh Son
Ben Barnes,1981,Seventh Son
Julianne Moore,1960,Seventh Son
Alicia Vikander,1988,Seventh Son
Antje Traue,1981,Seventh Son
Olivia Williams,1968,Seventh Son
Kit Harington,1986,Seventh Son
Djimon Hounsou,1964,Seventh Son
Eric Bana,1968,Deliver Us from Evil
Olivia Munn,1980,Deliver Us from Evil
Chris Coy,1986,Deliver Us from Evil
Dorian Missick,1976,Deliver Us from Evil
Sean Harris,1966,Deliver Us from Evil
Joel McHale,1971,Deliver Us from Evil
Mike Houston,1976,Deliver Us from Evil
Andy Serkis,1964,Dawn of the Planet of the Apes
Jason Clarke,1969,Dawn of the Planet of the Apes
Gary Oldman,1958,Dawn of the Planet of the Apes
Keri Russell,1976,Dawn of the Planet of the Apes
Toby Kebbell,1982,Dawn of the Planet of the Apes
Kodi Smit-McPhee,1996,Dawn of the Planet of the Apes
Kirk Acevedo,1971,Dawn of the Planet of the Apes
Christian Bale,1974,Exodus: Gods and Kings
Joel Edgerton,1974,Exodus: Gods and Kings
John Turturro,1957,Exodus: Gods and Kings
Aaron Paul,1979,Exodus: Gods and Kings
Ben Mendelsohn,1969,Exodus: Gods and Kings
Sigourney Weaver,1949,Exodus: Gods and Kings
Ben Kingsley,1943,Exodus: Gods and Kings
Annabelle Wallis,1984,Annabelle
Ward Horton,1976,Annabelle
Tony Amendola,1951,Annabelle
Alfre Woodard,1952,Annabelle
Eric Ladin,1978,Annabelle
Ivar Brogger,1947,Annabelle
Karl Urban,1972,The Loft
James Marsden,1973,The Loft
Wentworth Miller,1972,The Loft
Eric Stonestreet,1971,The Loft
Matthias Schoenaerts,1977,The Loft
Isabel Lucas,1985,The Loft
Rachael Taylor,1984,The Loft
Rhona Mitra,1976,The Loft
Valerie Cruz,1976,The Loft
Michael Parks,1940,Tusk
Justin Long,1978,Tusk
Genesis Rodriguez,1987,Tusk
Haley Joel Osment,1988,Tusk
Johnny Depp,1963,Tusk
Ralph Garman,1964,Tusk
Jennifer Schwalbach Smith,1971,Tusk
Harley Quinn Smith,1999,Tusk
James Franco,1978,The Interview
Seth Rogen,1982,The Interview
Lizzy Caplan,1982,The Interview
Timothy Simons,1978,The Interview
Ryan Reynolds,1976,The Voices
Gemma Arterton,1986,The Voices
Anna Kendrick,1985,The Voices
Jacki Weaver,1947,The Voices
Ella Smith,1983,The Voices
Sam Spruell,1977,The Voices
Aaron Eckhart,1968,"I, Frankenstein"
Yvonne Strahovski,1982,"I, Frankenstein"
Miranda Otto,1967,"I, Frankenstein"
Bill Nighy,1949,"I, Frankenstein"
Jai Courtney,1986,"I, Frankenstein"
Aden Young,1972,"I, Frankenstein"
Caitlin Stasey,1990,"I, Frankenstein"
Mahesh Jadu,1982,"I, Frankenstein"
Robert Downey Jr.,1965,The Judge
Robert Duvall,1931,The Judge
Vera Farmiga,1973,The Judge
Billy Bob Thornton,1955,The Judge
Vincent D'Onofrio,1959,The Judge
Dax Shepard,1975,The Judge
Leighton Meester,1986,The Judge
Ken Howard,1944,The Judge
Bradley Cooper,1975,Burnt
Sienna Miller,1981,Burnt
Riccardo Scamarcio,1979,Burnt
Omar Sy,1978,Burnt
Henry Goodman,1950,Burnt
Matthew Rhys,1974,Burnt
Stephen Campbell Moore,1979,Burnt
Mireille Enos,1975,If I Stay
Jamie Blackley,1991,If I Stay
Joshua Leonard,1975,If I Stay
Liana Liberato,1995,If I Stay
Stacy Keach,1941,If I Stay
Gabrielle Rose,1954,If I Stay
Jakob Davies,2003,If I Stay
Perdita Weeks,1985,"As Above, So Below"
Ben Feldman,1980,"As Above, So Below"
Edwin Hodge,1985,"As Above, So Below"
Kevin Costner,1955,3 Days to Kill
Amber Heard,1986,3 Days to Kill
Hailee Steinfeld,1996,3 Days to Kill
Connie Nielsen,1965,3 Days to Kill
Richard Sammel,1960,3 Days to Kill
Chris Evans,1981,Before We Go
Alice Eve,1982,Before We Go
Emma Fitzpatrick,1985,Before We Go
John Cullum,1930,Before We Go
Mark Kassen,1971,Before We Go
Daniel Spink,1979,Before We Go
Liam Neeson,1952,Non-Stop
Julianne Moore,1960,Non-Stop
Scoot McNairy,1977,Non-Stop
Michelle Dockery,1981,Non-Stop
Nate Parker,1979,Non-Stop
Corey Stoll,1976,Non-Stop
Lupita Nyong'o,1983,Non-Stop
Omar Metwally,1974,Non-Stop
Jason Butler Harner,1970,Non-Stop
Zac Efron,1987,That Awkward Moment
Miles Teller,1987,That Awkward Moment
Michael B. Jordan,1987,That Awkward Moment
Imogen Poots,1989,That Awkward Moment
Mackenzie Davis,1987,That Awkward Moment
Jessica Lucas,1985,That Awkward Moment
Addison Timlin,1991,That Awkward Moment
Josh Pais,1964,That Awkward Moment
Vincent Price,1911,Vincent
Adam Sandler,1966,Blended
Drew Barrymore,1975,Blended
Kevin Nealon,1953,Blended
Terry Crews,1968,Blended
Wendi McLendon-Covey,1969,Blended
Bella Thorne,1997,Blended
Dan Stevens,1982,The Guest
Maika Monroe,1993,The Guest
Brendan Meyer,1994,The Guest
Sheila Kelley,1961,The Guest
Leland Orser,1960,The Guest
Lance Reddick,1962,The Guest
Chase Williamson,1988,The Guest
Joel David Moore,1977,The Guest
Cameron Diaz,1972,The Other Woman
Leslie Mann,1972,The Other Woman
Nikolaj Coster-Waldau,1970,The Other Woman
Don Johnson,1949,The Other Woman
Kate Upton,1992,The Other Woman
Taylor Kinney,1981,The Other Woman
Nicki Minaj,1982,The Other Woman
Nicolas Cage,1964,Left Behind
Chad Michael Murray,1981,Left Behind
Cassi Thomson,1993,Left Behind
Jordin Sparks,1989,Left Behind
Lea Thompson,1961,Left Behind
Gary Grubbs,1949,Left Behind
Quinton Aaron,1984,Left Behind
Martin Klebba,1969,Left Behind
Jamie Foxx,1967,Annie
Rose Byrne,1979,Annie
Bobby Cannavale,1970,Annie
Adewale Akinnuoye-Agbaje,1967,Annie
David Zayas,1962,Annie
Cameron Diaz,1972,Annie
Nicolette Pierini,2003,Annie
Heather Sossaman,1987,Cybernatural
Courtney Halverson,1989,Cybernatural
Shelley Hennig,1987,Cybernatural
Will Peltz,1986,Cybernatural
Renee Olstead,1989,Cybernatural
Mark Wahlberg,1971,The Gambler
George Kennedy,1925,The Gambler
Jessica Lange,1949,The Gambler
Brie Larson,1989,The Gambler
Michael Kenneth Williams,1966,The Gambler
Mads Mikkelsen,1965,The Salvation
Eva Green,1980,The Salvation
Jeffrey Dean Morgan,1966,The Salvation
Eric Cantona,1966,The Salvation
Mikael Persbrandt,1963,The Salvation
Douglas Henshall,1965,The Salvation
Michael Raymond-James,1977,The Salvation
Jonathan Pryce,1947,The Salvation
Seth MacFarlane,1973,A Million Ways to Die in the West
Charlize Theron,1975,A Million Ways to Die in the West
Amanda Seyfried,1985,A Million Ways to Die in the West
Liam Neeson,1952,A Million Ways to Die in the West
Giovanni Ribisi,1974,A Million Ways to Die in the West
Neil Patrick Harris,1973,A Million Ways to Die in the West
Sarah Silverman,1970,A Million Ways to Die in the West
Wes Studi,1947,A Million Ways to Die in the West
Alicia Vikander,1988,Testament of Youth
Taron Egerton,1989,Testament of Youth
Colin Morgan,1986,Testament of Youth
Dominic West,1969,Testament of Youth
Emily Watson,1967,Testament of Youth
Kit Harington,1986,Testament of Youth
Joanna Scanlan,1961,Testament of Youth
Miranda Richardson,1958,Testament of Youth
Sam Neill,1947,Hunt for the Wilderpeople
Rima Te Wiata,1963,Hunt for the Wilderpeople
Johnny Depp,1963,Transcendence
Rebecca Hall,1982,Transcendence
Paul Bettany,1971,Transcendence
Cillian Murphy,1976,Transcendence
Kate Mara,1983,Transcendence
Cole Hauser,1975,Transcendence
Morgan Freeman,1937,Transcendence
Clifton Collins Jr.,1970,Transcendence
Cory Hardrict,1979,Transcendence
Cameron Diaz,1972,Sex Tape
Jason Segel,1980,Sex Tape
Rob Corddry,1971,Sex Tape
Ellie Kemper,1980,Sex Tape
Rob Lowe,1964,Sex Tape
Nancy Lenehan,1953,Sex Tape
Jessica Sula,1994,Honeytrap
Lucien Laviscount,1992,Honeytrap
Naomi Ryan,1977,Honeytrap
Asa Butterfield,1997,X+Y
Rafe Spall,1983,X+Y
Sally Hawkins,1976,X+Y
Eddie Marsan,1968,X+Y
Martin McCann,1983,X+Y
Jake Davies,1993,X+Y
Mark Duplass,1976,Creep
Tom Hardy,1977,The Drop
Noomi Rapace,1979,The Drop
James Gandolfini,1961,The Drop
Matthias Schoenaerts,1977,The Drop
John Ortiz,1968,The Drop
Elizabeth Rodriguez,1980,The Drop
Michael Esper,1976,The Drop
Susanne Wuest,1979,Ich seh ich seh
Kate Beckinsale,1973,Eliza Graves
Jim Sturgess,1978,Eliza Graves
David Thewlis,1963,Eliza Graves
Brendan Gleeson,1955,Eliza Graves
Ben Kingsley,1943,Eliza Graves
Michael Caine,1933,Eliza Graves
Jason Flemyng,1966,Eliza Graves
Jason Bateman,1969,Horrible Bosses 2
Jason Sudeikis,1975,Horrible Bosses 2
Charlie Day,1976,Horrible Bosses 2
Jennifer Aniston,1969,Horrible Bosses 2
Kevin Spacey,1959,Horrible Bosses 2
Jamie Foxx,1967,Horrible Bosses 2
Chris Pine,1980,Horrible Bosses 2
Christoph Waltz,1956,Horrible Bosses 2
Jonathan Banks,1947,Horrible Bosses 2
Chris Pine,1980,Jack Ryan: Shadow Recruit
Keira Knightley,1985,Jack Ryan: Shadow Recruit
Kevin Costner,1955,Jack Ryan: Shadow Recruit
Kenneth Branagh,1960,Jack Ryan: Shadow Recruit
Lenn Kudrjawizki,1975,Jack Ryan: Shadow Recruit
Peter Andersson,1953,Jack Ryan: Shadow Recruit
Elena Velikanova,1984,Jack Ryan: Shadow Recruit
Nonso Anozie,1979,Jack Ryan: Shadow Recruit
Kate Mara,1983,Man Down
Shia LaBeouf,1986,Man Down
Jai Courtney,1986,Man Down
Clifton Collins Jr.,1970,Man Down
Gary Oldman,1958,Man Down
Jose Pablo Cantillo,1979,Man Down
Harrison Ford,1942,Star Wars: Episode VII - The Force Awakens
Mark Hamill,1951,Star Wars: Episode VII - The Force Awakens
Carrie Fisher,1956,Star Wars: Episode VII - The Force Awakens
Adam Driver,1983,Star Wars: Episode VII - The Force Awakens
Daisy Ridley,1992,Star Wars: Episode VII - The Force Awakens
John Boyega,1992,Star Wars: Episode VII - The Force Awakens
Oscar Isaac,1979,Star Wars: Episode VII - The Force Awakens
Lupita Nyong'o,1983,Star Wars: Episode VII - The Force Awakens
Andy Serkis,1964,Star Wars: Episode VII - The Force Awakens
Leonardo DiCaprio,1974,The Revenant
Tom Hardy,1977,The Revenant
Domhnall Gleeson,1983,The Revenant
Will Poulter,1993,The Revenant
Forrest Goodluck,1998,The Revenant
Kristoffer Joner,1972,The Revenant
Jennifer Lawrence,1990,Joy
Robert De Niro,1943,Joy
Bradley Cooper,1975,Joy
Diane Ladd,1935,Joy
Virginia Madsen,1961,Joy
Isabella Rossellini,1952,Joy
Daniel Craig,1968,Spectre
Christoph Waltz,1956,Spectre
Ralph Fiennes,1962,Spectre
Monica Bellucci,1964,Spectre
Ben Whishaw,1980,Spectre
Naomie Harris,1976,Spectre
Dave Bautista,1969,Spectre
Andrew Scott,1976,Spectre
Anya Taylor-Joy,1996,The VVitch: A New-England Folktale
Ralph Ineson,1969,The VVitch: A New-England Folktale
Kate Dickie,1971,The VVitch: A New-England Folktale
Julian Richings,1955,The VVitch: A New-England Folktale
Sarah Stephens,1990,The VVitch: A New-England Folktale
Ryan Gosling,1980,The Big Short
Charlie Talbert,1978,The Big Short
Christian Bale,1974,The Big Short
Chris Pratt,1979,Jurassic World
Bryce Dallas Howard,1981,Jurassic World
Irrfan Khan,1967,Jurassic World
Vincent D'Onofrio,1959,Jurassic World
Nick Robinson,1995,Jurassic World
Jake Johnson,1978,Jurassic World
Omar Sy,1978,Jurassic World
BD Wong,1960,Jurassic World
Tom Hardy,1977,Mad Max: Fury Road
Charlize Theron,1975,Mad Max: Fury Road
Nicholas Hoult,1989,Mad Max: Fury Road
Hugh Keays-Byrne,1947,Mad Max: Fury Road
Josh Helman,1986,Mad Max: Fury Road
Nathan Jones,1969,Mad Max: Fury Road
Rosie Huntington-Whiteley,1987,Mad Max: Fury Road
Riley Keough,1989,Mad Max: Fury Road
Matt Damon,1970,The Martian
Jessica Chastain,1977,The Martian
Kristen Wiig,1973,The Martian
Jeff Daniels,1955,The Martian
Sean Bean,1959,The Martian
Kate Mara,1983,The Martian
Sebastian Stan,1982,The Martian
Aksel Hennie,1975,The Martian
Samuel L. Jackson,1948,The Hateful Eight
Kurt Russell,1951,The Hateful Eight
Jennifer Jason Leigh,1962,The Hateful Eight
Walton Goggins,1971,The Hateful Eight
Tim Roth,1961,The Hateful Eight
Michael Madsen,1958,The Hateful Eight
Bruce Dern,1936,The Hateful Eight
James Parks,1968,The Hateful Eight
Alicia Vikander,1988,The Danish Girl
Eddie Redmayne,1982,The Danish Girl
Amber Heard,1986,The Danish Girl
Emerald Fennell,1985,The Danish Girl
Claus Bue,1947,The Danish Girl
Emily Blunt,1983,Sicario
Benicio Del Toro,1967,Sicario
Josh Brolin,1968,Sicario
Victor Garber,1949,Sicario
Jon Bernthal,1976,Sicario
Daniel Kaluuya,1989,Sicario
Jeffrey Donovan,1968,Sicario
Raoul Max Trujillo,1955,Sicario
Robert Downey Jr.,1965,Avengers: Age of Ultron
Chris Hemsworth,1983,Avengers: Age of Ultron
Mark Ruffalo,1967,Avengers: Age of Ultron
Chris Evans,1981,Avengers: Age of Ultron
Scarlett Johansson,1984,Avengers: Age of Ultron
Jeremy Renner,1971,Avengers: Age of Ultron
James Spader,1960,Avengers: Age of Ultron
Samuel L. Jackson,1948,Avengers: Age of Ultron
Don Cheadle,1964,Avengers: Age of Ultron
Mark Ruffalo,1967,Spotlight
Michael Keaton,1951,Spotlight
Rachel McAdams,1978,Spotlight
Liev Schreiber,1967,Spotlight
John Slattery,1962,Spotlight
Brian d'Arcy James,1968,Spotlight
Stanley Tucci,1960,Spotlight
Elena Wohl,1963,Spotlight
Brie Larson,1989,Room
Jacob Tremblay,2006,Room
Sean Bridgers,1968,Room
Wendy Crewson,1956,Room
Amanda Brugel,1978,Room
Joan Allen,1956,Room
Dakota Johnson,1989,Fifty Shades of Grey
Jamie Dornan,1982,Fifty Shades of Grey
Jennifer Ehle,1969,Fifty Shades of Grey
Eloise Mumford,1986,Fifty Shades of Grey
Victor Rasuk,1984,Fifty Shades of Grey
Luke Grimes,1984,Fifty Shades of Grey
Marcia Gay Harden,1959,Fifty Shades of Grey
Rita Ora,1990,Fifty Shades of Grey
Max Martini,1969,Fifty Shades of Grey
Domhnall Gleeson,1983,Ex Machina
Corey Johnson,1961,Ex Machina
Oscar Isaac,1979,Ex Machina
Alicia Vikander,1988,Ex Machina
Roger Ashton-Griffiths,1957,The Lobster
Jessica Barden,1992,The Lobster
Olivia Colman,1974,The Lobster
Colin Farrell,1976,The Lobster
Sam Rockwell,1968,Mr. Right
Anna Kendrick,1985,Mr. Right
Tim Roth,1961,Mr. Right
James Ransone,1979,Mr. Right
Anson Mount,1973,Mr. Right
RZA,1969,Mr. Right
Tom Cruise,1962,Mission: Impossible - Rogue Nation
Jeremy Renner,1971,Mission: Impossible - Rogue Nation
Simon Pegg,1970,Mission: Impossible - Rogue Nation
Rebecca Ferguson,1983,Mission: Impossible - Rogue Nation
Ving Rhames,1959,Mission: Impossible - Rogue Nation
Sean Harris,1966,Mission: Impossible - Rogue Nation
Simon McBurney,1957,Mission: Impossible - Rogue Nation
Jingchu Zhang,1980,Mission: Impossible - Rogue Nation
Tom Hollander,1967,Mission: Impossible - Rogue Nation
Jennifer Lawrence,1990,The Hunger Games: Mockingjay - Part 2
Josh Hutcherson,1992,The Hunger Games: Mockingjay - Part 2
Liam Hemsworth,1990,The Hunger Games: Mockingjay - Part 2
Woody Harrelson,1961,The Hunger Games: Mockingjay - Part 2
Donald Sutherland,1935,The Hunger Games: Mockingjay - Part 2
Philip Seymour Hoffman,1967,The Hunger Games: Mockingjay - Part 2
Julianne Moore,1960,The Hunger Games: Mockingjay - Part 2
Willow Shields,2000,The Hunger Games: Mockingjay - Part 2
Sam Claflin,1986,The Hunger Games: Mockingjay - Part 2
Hilary Swank,1974,P.S. I Love You
Gerard Butler,1969,P.S. I Love You
Lisa Kudrow,1963,P.S. I Love You
Gina Gershon,1962,P.S. I Love You
James Marsters,1962,P.S. I Love You
Kathy Bates,1948,P.S. I Love You
Harry Connick Jr.,1967,P.S. I Love You
Nellie McKay,1982,P.S. I Love You
Jeffrey Dean Morgan,1966,P.S. I Love You
Johnny Depp,1963,Black Mass
Joel Edgerton,1974,Black Mass
Benedict Cumberbatch,1976,Black Mass
Dakota Johnson,1989,Black Mass
Kevin Bacon,1958,Black Mass
Peter Sarsgaard,1971,Black Mass
Jesse Plemons,1988,Black Mass
Rory Cochrane,1972,Black Mass
David Harbour,1975,Black Mass
Chris Hemsworth,1983,In the Heart of the Sea
Benjamin Walker,1982,In the Heart of the Sea
Cillian Murphy,1976,In the Heart of the Sea
Brendan Gleeson,1955,In the Heart of the Sea
Ben Whishaw,1980,In the Heart of the Sea
Tom Holland,1996,In the Heart of the Sea
Frank Dillane,1991,In the Heart of the Sea
Brad Pitt,1963,By the Sea
Angelina Jolie,1975,By the Sea
Melvil Poupaud,1973,By the Sea
Niels Arestrup,1949,By the Sea
Richard Bohringer,1942,By the Sea
Marika Green,1943,By the Sea
Keanu Reeves,1964,Knock Knock
Lorenza Izzo,1989,Knock Knock
Ana de Armas,1988,Knock Knock
Aaron Burns,1985,Knock Knock
Ignacia Allamand,1981,Knock Knock
Colleen Camp,1953,Knock Knock
Amy Poehler,1971,Inside Out
Phyllis Smith,1951,Inside Out
Richard Kind,1956,Inside Out
Bill Hader,1978,Inside Out
Lewis Black,1948,Inside Out
Mindy Kaling,1979,Inside Out
Diane Lane,1965,Inside Out
Kyle MacLachlan,1959,Inside Out
O'Shea Jackson Jr.,1991,Straight Outta Compton
Corey Hawkins,1988,Straight Outta Compton
Neil Brown Jr.,1980,Straight Outta Compton
Aldis Hodge,1986,Straight Outta Compton
Paul Rudd,1969,Ant-Man
Michael Douglas,1944,Ant-Man
Evangeline Lilly,1979,Ant-Man
Corey Stoll,1976,Ant-Man
Bobby Cannavale,1970,Ant-Man
Anthony Mackie,1978,Ant-Man
Judy Greer,1975,Ant-Man
Logan Marshall-Green,1976,The Invitation
Emayatzy Corinealdi,1980,The Invitation
Michelle Krusiec,1974,The Invitation
Jordi Vilasuso,1981,The Invitation
Marieh Delfino,1977,The Invitation
Tammy Blanchard,1976,The Invitation
Saoirse Ronan,1994,Brooklyn
Brid Brennan,1955,Brooklyn
Fiona Glascott,1982,Brooklyn
Mark Rylance,1960,Bridge of Spies
Domenick Lombardozzi,1976,Bridge of Spies
Tom Hanks,1956,Bridge of Spies
Joshua Harto,1979,Bridge of Spies
Cate Blanchett,1969,Cinderella
Lily James,1989,Cinderella
Richard Madden,1986,Cinderella
Helena Bonham Carter,1966,Cinderella
Nonso Anozie,1979,Cinderella
Sophie McShera,1985,Cinderella
Holliday Grainger,1988,Cinderella
Derek Jacobi,1938,Cinderella
Anton Yelchin,1989,Green Room
Joe Cole,1988,Green Room
Alia Shawkat,1989,Green Room
Mark Webber,1980,Green Room
Eric Edelstein,1977,Green Room
Michael Fassbender,1977,Steve Jobs
Kate Winslet,1975,Steve Jobs
Seth Rogen,1982,Steve Jobs
Jeff Daniels,1955,Steve Jobs
Michael Stuhlbarg,1968,Steve Jobs
Katherine Waterston,1980,Steve Jobs
Perla Haney-Jardine,1997,Steve Jobs
Emjay Anthony,2003,Krampus
Adam Scott,1973,Krampus
Toni Collette,1972,Krampus
Stefania LaVie Owen,1997,Krampus
Krista Stadler,1942,Krampus
Conchata Ferrell,1943,Krampus
Allison Tolman,1981,Krampus
David Koechner,1962,Krampus
Vin Diesel,1967,Furious Seven
Paul Walker,1973,Furious Seven
Jason Statham,1967,Furious Seven
Michelle Rodriguez,1978,Furious Seven
Jordana Brewster,1980,Furious Seven
Tyrese Gibson,1978,Furious Seven
Ludacris,1977,Furious Seven
Dwayne Johnson,1972,Furious Seven
Lucas Black,1982,Furious Seven
Mia Wasikowska,1989,Crimson Peak
Jessica Chastain,1977,Crimson Peak
Tom Hiddleston,1981,Crimson Peak
Charlie Hunnam,1980,Crimson Peak
Jim Beaver,1950,Crimson Peak
Burn Gorman,1974,Crimson Peak
Leslie Hope,1965,Crimson Peak
Doug Jones,1960,Crimson Peak
Jonathan Hyde,1948,Crimson Peak
Russell Crowe,1964,Fathers & Daughters
Amanda Seyfried,1985,Fathers & Daughters
Aaron Paul,1979,Fathers & Daughters
Diane Kruger,1976,Fathers & Daughters
Bruce Greenwood,1956,Fathers & Daughters
Janet McTeer,1961,Fathers & Daughters
Kylie Rogers,2004,Fathers & Daughters
Jane Fonda,1937,Fathers & Daughters
Arnold Schwarzenegger,1947,Terminator Genisys
Jason Clarke,1969,Terminator Genisys
Emilia Clarke,1986,Terminator Genisys
Jai Courtney,1986,Terminator Genisys
J.K. Simmons,1955,Terminator Genisys
Matt Smith,1982,Terminator Genisys
Courtney B. Vance,1960,Terminator Genisys
Byung-hun Lee,1970,Terminator Genisys
Victor Garber,1949,Legends of Tomorrow
Brandon Routh,1979,Legends of Tomorrow
Caity Lotz,1986,Legends of Tomorrow
Franz Drameh,1993,Legends of Tomorrow
Dominic Purcell,1970,Legends of Tomorrow
Arthur Darvill,1982,Legends of Tomorrow
Wentworth Miller,1972,Legends of Tomorrow
Jude Law,1972,Spy
Melissa McCarthy,1970,Spy
Miranda Hart,1972,Spy
Helen Mirren,1945,Eye in the Sky
Aaron Paul,1979,Eye in the Sky
Jason Clarke,1969,Everest
Thomas M. Wright,1983,Everest
Martin Henderson,1974,Everest
Tom Goodman-Hill,1968,Everest
Jeremy Irons,1948,The Man Who Knew Infinity
Dev Patel,1990,The Man Who Knew Infinity
Malcolm Sinclair,1950,The Man Who Knew Infinity
Dhritiman Chatterjee,1945,The Man Who Knew Infinity
Stephen Fry,1957,The Man Who Knew Infinity
Olivia DeJonge,1998,The Visit
Ed Oxenbould,2001,The Visit
Deanna Dunagan,1940,The Visit
Peter McRobbie,1943,The Visit
Kathryn Hahn,1973,The Visit
Cate Blanchett,1969,Carol
Rooney Mara,1985,Carol
Kyle Chandler,1965,Carol
Sarah Paulson,1974,Carol
Kevin Crowley,1958,Carol
Tia Mowry-Hardrict,1978,"Sister, Sister"
Tamera Mowry-Housley,1978,"Sister, Sister"
Tim Reid,1944,"Sister, Sister"
Marques Houston,1981,"Sister, Sister"
Robert De Niro,1943,The Intern
Anne Hathaway,1982,The Intern
Rene Russo,1954,The Intern
Andrew Rannells,1978,The Intern
Adam Devine,1983,The Intern
Jake Gyllenhaal,1980,Demolition
Naomi Watts,1968,Demolition
Chris Cooper,1951,Demolition
Polly Draper,1955,Demolition
Debra Monk,1949,Demolition
Heather Lind,1983,Demolition
Jack Black,1969,Goosebumps
Dylan Minnette,1996,Goosebumps
Odeya Rush,1997,Goosebumps
Ryan Lee,1996,Goosebumps
Amy Ryan,1968,Goosebumps
Halston Sage,1993,Goosebumps
Steven Krueger,1989,Goosebumps
Sharlto Copley,1973,Hardcore Henry
Danila Kozlovsky,1985,Hardcore Henry
Haley Bennett,1988,Hardcore Henry
Tim Roth,1961,Hardcore Henry
Svetlana Ustinova,1982,Hardcore Henry
Darya Charusha,1980,Hardcore Henry
Jeffrey Dean Morgan,1966,Desierto
Yuri Zackoqv,1993,Desierto
Jodelle Ferland,1994,The Unspoken
Pascale Hutton,1979,The Unspoken
Jonathan Whitesell,1991,The Unspoken
Chanelle Peloso,1994,The Unspoken
Rukiya Bernard,1983,The Unspoken
Lochlyn Munro,1966,The Unspoken
Colin Quinn,1959,Trainwreck
Amy Schumer,1981,Trainwreck
Josh Segarra,1986,Trainwreck
Ryan Farrell,1981,Trainwreck
Jim Florentine,1964,Trainwreck
Robert Kelly,1970,Trainwreck
Michael B. Jordan,1987,Creed
Sylvester Stallone,1946,Creed
Tessa Thompson,1983,Creed
Phylicia Rashad,1948,Creed
Andre Ward,1984,Creed
Tony Bellew,1982,Creed
Ritchie Coster,1967,Creed
Graham McTavish,1961,Creed
Jake Gyllenhaal,1980,Southpaw
Rachel McAdams,1978,Southpaw
Forest Whitaker,1961,Southpaw
Oona Laurence,2002,Southpaw
50 Cent,1975,Southpaw
Naomie Harris,1976,Southpaw
Daniel Radcliffe,1989,Victor Frankenstein
Jessica Brown Findlay,1989,Victor Frankenstein
Bronson Webb,1983,Victor Frankenstein
James McAvoy,1979,Victor Frankenstein
Daniel Mays,1978,Victor Frankenstein
Spencer Wilding,1972,Victor Frankenstein
Andrew Scott,1976,Victor Frankenstein
Anna Kendrick,1985,Pitch Perfect 2
Rebel Wilson,1980,Pitch Perfect 2
Hailee Steinfeld,1996,Pitch Perfect 2
Brittany Snow,1986,Pitch Perfect 2
Skylar Astin,1987,Pitch Perfect 2
Adam Devine,1983,Pitch Perfect 2
Katey Sagal,1954,Pitch Perfect 2
Anna Camp,1982,Pitch Perfect 2
Ben Platt,1993,Pitch Perfect 2
Emma Watson,1990,Colonia
Michael Nyqvist,1960,Colonia
Richenda Carey,1948,Colonia
Vicky Krieps,1983,Colonia
Julian Ovenden,1976,Colonia
August Zirner,1956,Colonia
Martin Wuttke,1962,Colonia
Dwayne Johnson,1972,San Andreas
Carla Gugino,1971,San Andreas
Alexandra Daddario,1986,San Andreas
Ioan Gruffudd,1973,San Andreas
Archie Panjabi,1972,San Andreas
Paul Giamatti,1967,San Andreas
Art Parkinson,2001,San Andreas
Will Yun Lee,1971,San Andreas
Blake Lively,1987,The Age of Adaline
Michiel Huisman,1981,The Age of Adaline
Harrison Ford,1942,The Age of Adaline
Ellen Burstyn,1932,The Age of Adaline
Kathy Baker,1950,The Age of Adaline
Amanda Crew,1986,The Age of Adaline
Lynda Boyd,1965,The Age of Adaline
Richard Harmon,1991,The Age of Adaline
Ray Winstone,1957,Point Break
Teresa Palmer,1986,Point Break
Matias Varela,1980,Point Break
Clemens Schick,1972,Point Break
Tobias Santelmann,1980,Point Break
Max Thieriot,1988,Point Break
Delroy Lindo,1952,Point Break
Ellen Page,1987,Into the Forest
Evan Rachel Wood,1987,Into the Forest
Max Minghella,1985,Into the Forest
Callum Keith Rennie,1960,Into the Forest
Wendy Crewson,1956,Into the Forest
Adam Sandler,1966,Hotel Transylvania 2
Andy Samberg,1978,Hotel Transylvania 2
Selena Gomez,1992,Hotel Transylvania 2
Kevin James,1965,Hotel Transylvania 2
Steve Buscemi,1957,Hotel Transylvania 2
David Spade,1964,Hotel Transylvania 2
Keegan-Michael Key,1971,Hotel Transylvania 2
Fran Drescher,1957,Hotel Transylvania 2
Hugh Jackman,1968,Pan
Levi Miller,2002,Pan
Garrett Hedlund,1984,Pan
Rooney Mara,1985,Pan
Nonso Anozie,1979,Pan
Amanda Seyfried,1985,Pan
Kathy Burke,1964,Pan
Kate Winslet,1975,The Dressmaker
Liam Hemsworth,1990,The Dressmaker
Hugo Weaving,1960,The Dressmaker
Judy Davis,1955,The Dressmaker
Caroline Goodall,1959,The Dressmaker
Kerry Fox,1966,The Dressmaker
Rebecca Gibney,1964,The Dressmaker
Dylan O'Brien,1991,Maze Runner: The Scorch Trials
Kaya Scodelario,1992,Maze Runner: The Scorch Trials
Thomas Brodie-Sangster,1990,Maze Runner: The Scorch Trials
Alexander Flores,1990,Maze Runner: The Scorch Trials
Jacob Lofland,1996,Maze Runner: The Scorch Trials
Rosa Salazar,1985,Maze Runner: The Scorch Trials
Giancarlo Esposito,1958,Maze Runner: The Scorch Trials
Michael Caine,1933,Youth
Harvey Keitel,1939,Youth
Rachel Weisz,1970,Youth
Paul Dano,1984,Youth
Jane Fonda,1937,Youth
Ed Stoppard,1974,Youth
Alex Macqueen,1974,Youth
Madalina Diana Ghenea,1988,Youth
Ed Helms,1974,Vacation
Christina Applegate,1971,Vacation
Skyler Gisondo,1996,Vacation
Chris Hemsworth,1983,Vacation
Leslie Mann,1972,Vacation
Chevy Chase,1943,Vacation
Beverly D'Angelo,1951,Vacation
Charlie Day,1976,Vacation
Kurt Russell,1951,Bone Tomahawk
Patrick Wilson,1973,Bone Tomahawk
Matthew Fox,1966,Bone Tomahawk
Richard Jenkins,1947,Bone Tomahawk
Lili Simmons,1993,Bone Tomahawk
David Arquette,1971,Bone Tomahawk
Fred Melamed,1956,Bone Tomahawk
Sid Haig,1939,Bone Tomahawk
Tye Sheridan,1996,Scouts Guide to the Zombie Apocalypse
Logan Miller,1992,Scouts Guide to the Zombie Apocalypse
David Koechner,1962,Scouts Guide to the Zombie Apocalypse
Halston Sage,1993,Scouts Guide to the Zombie Apocalypse
Cloris Leachman,1926,Scouts Guide to the Zombie Apocalypse
Niki Koss,1994,Scouts Guide to the Zombie Apocalypse
Hiram A. Murray,1981,Scouts Guide to the Zombie Apocalypse
George Clooney,1961,Tomorrowland
Hugh Laurie,1959,Tomorrowland
Britt Robertson,1990,Tomorrowland
Tim McGraw,1967,Tomorrowland
Kathryn Hahn,1973,Tomorrowland
Keegan-Michael Key,1971,Tomorrowland
Chris Bauer,1966,Tomorrowland
Jason Bateman,1969,The Gift
Rebecca Hall,1982,The Gift
Joel Edgerton,1974,The Gift
Allison Tolman,1981,The Gift
Tim Griffin,1969,The Gift
Busy Philipps,1979,The Gift
Adam Lazarre-White,1969,The Gift
Wendell Pierce,1963,The Gift
Vin Diesel,1967,The Last Witch Hunter
Rose Leslie,1987,The Last Witch Hunter
Elijah Wood,1981,The Last Witch Hunter
Rena Owen,1962,The Last Witch Hunter
Julie Engelbrecht,1984,The Last Witch Hunter
Michael Caine,1933,The Last Witch Hunter
Joseph Gilgun,1984,The Last Witch Hunter
Kate Winslet,1975,Insurgent
Jai Courtney,1986,Insurgent
Mekhi Phifer,1974,Insurgent
Shailene Woodley,1991,Insurgent
Theo James,1984,Insurgent
Ansel Elgort,1994,Insurgent
Miles Teller,1987,Insurgent
Justice Leak,1979,Insurgent
Mae Whitman,1988,The DUFF
Robbie Amell,1988,The DUFF
Bella Thorne,1997,The DUFF
Skyler Samuels,1994,The DUFF
Romany Malco,1968,The DUFF
Nick Eversman,1986,The DUFF
Chris Wylde,1976,The DUFF
Ken Jeong,1969,The DUFF
Jeffrey Wright,1965,The Good Dinosaur
Frances McDormand,1957,The Good Dinosaur
Raymond Ochoa,2001,The Good Dinosaur
Will Smith,1968,Focus
Margot Robbie,1990,Focus
Gerald McRaney,1947,Focus
Rodrigo Santoro,1975,Focus
BD Wong,1960,Focus
Brennan Brown,1968,Focus
Robert Taylor,1963,Focus
Mila Kunis,1983,Jupiter Ascending
Channing Tatum,1980,Jupiter Ascending
Sean Bean,1959,Jupiter Ascending
Eddie Redmayne,1982,Jupiter Ascending
Douglas Booth,1992,Jupiter Ascending
Tuppence Middleton,1987,Jupiter Ascending
Nikki Amuka-Bird,1976,Jupiter Ascending
Christina Cole,1982,Jupiter Ascending
Miles Teller,1987,Fantastic Four
Michael B. Jordan,1987,Fantastic Four
Kate Mara,1983,Fantastic Four
Jamie Bell,1986,Fantastic Four
Toby Kebbell,1982,Fantastic Four
Reg E. Cathey,1958,Fantastic Four
Tim Blake Nelson,1964,Fantastic Four
Dan Castellaneta,1957,Fantastic Four
Will Smith,1968,Concussion
Alec Baldwin,1958,Concussion
Albert Brooks,1947,Concussion
Gugu Mbatha-Raw,1983,Concussion
David Morse,1953,Concussion
Arliss Howard,1954,Concussion
Mike O'Malley,1966,Concussion
Eddie Marsan,1968,Concussion
Hill Harper,1966,Concussion
Sareh Bayat,1979,Muhammad: The Messenger of God
Siamak Adib,1974,Muhammad: The Messenger of God
Nicholas Hoult,1989,Equals
Scott Lawrence,1963,Equals
Kristen Stewart,1990,Equals
Bel Powley,1992,Equals
David Selby,1941,Equals
Channing Tatum,1980,Magic Mike XXL
Juan Piedrahita,1985,Magic Mike XXL
Joe Manganiello,1976,Magic Mike XXL
Kevin Nash,1959,Magic Mike XXL
Gabriel Iglesias,1976,Magic Mike XXL
Matt Bomer,1977,Magic Mike XXL
Britt Robertson,1990,The Longest Ride
Scott Eastwood,1986,The Longest Ride
Alan Alda,1936,The Longest Ride
Jack Huston,1982,The Longest Ride
Oona Chaplin,1986,The Longest Ride
Melissa Benoist,1988,The Longest Ride
Lolita Davidovich,1961,The Longest Ride
Will Ferrell,1967,Daddy's Home
Mark Wahlberg,1971,Daddy's Home
Linda Cardellini,1975,Daddy's Home
Thomas Haden Church,1960,Daddy's Home
Bobby Cannavale,1970,Daddy's Home
Hannibal Buress,1983,Daddy's Home
Bill Burr,1968,Daddy's Home
Christian Bale,1974,Knight of Cups
Cate Blanchett,1969,Knight of Cups
Natalie Portman,1981,Knight of Cups
Brian Dennehy,1938,Knight of Cups
Antonio Banderas,1960,Knight of Cups
Freida Pinto,1984,Knight of Cups
Wes Bentley,1978,Knight of Cups
Isabel Lucas,1985,Knight of Cups
Teresa Palmer,1986,Knight of Cups
Adam Sandler,1966,The Ridiculous 6
Terry Crews,1968,The Ridiculous 6
Jorge Garcia,1973,The Ridiculous 6
Taylor Lautner,1992,The Ridiculous 6
Rob Schneider,1963,The Ridiculous 6
Luke Wilson,1971,The Ridiculous 6
Will Forte,1970,The Ridiculous 6
Steve Zahn,1967,The Ridiculous 6
Harvey Keitel,1939,The Ridiculous 6
Mark Wahlberg,1971,Ted 2
Seth MacFarlane,1973,Ted 2
Amanda Seyfried,1985,Ted 2
Giovanni Ribisi,1974,Ted 2
Morgan Freeman,1937,Ted 2
Sam J. Jones,1954,Ted 2
Patrick Warburton,1964,Ted 2
Michael Dorn,1952,Ted 2
Sandra Bullock,1964,Minions
Jon Hamm,1971,Minions
Michael Keaton,1951,Minions
Allison Janney,1959,Minions
Steve Coogan,1965,Minions
Jennifer Saunders,1958,Minions
Geoffrey Rush,1951,Minions
Steve Carell,1962,Minions
Michael Fassbender,1977,Macbeth
Marion Cotillard,1975,Macbeth
Paddy Considine,1974,Macbeth
Bradley Cooper,1975,Burnt
Sienna Miller,1981,Burnt
Riccardo Scamarcio,1979,Burnt
Omar Sy,1978,Burnt
Henry Goodman,1950,Burnt
Matthew Rhys,1974,Burnt
Stephen Campbell Moore,1979,Burnt
Taissa Farmiga,1994,The Final Girls
Malin Akerman,1978,The Final Girls
Alexander Ludwig,1992,The Final Girls
Nina Dobrev,1989,The Final Girls
Alia Shawkat,1989,The Final Girls
Thomas Middleditch,1982,The Final Girls
Adam Devine,1983,The Final Girls
Angela Trimbur,1981,The Final Girls
Chloe Bridges,1991,The Final Girls
Tilda Swinton,1960,A Bigger Splash
Matthias Schoenaerts,1977,A Bigger Splash
Ralph Fiennes,1962,A Bigger Splash
Dakota Johnson,1989,A Bigger Splash
Corrado Guzzanti,1965,A Bigger Splash
Sharlto Copley,1973,Chappie
Dev Patel,1990,Chappie
Ninja,1974,Chappie
Yo-Landi Visser,1984,Chappie
Jose Pablo Cantillo,1979,Chappie
Hugh Jackman,1968,Chappie
Sigourney Weaver,1949,Chappie
Bahar Pars,1979,En man som heter Ove
Filip Berg,1986,En man som heter Ove
Anna-Lena Brundin,1959,En man som heter Ove
Karin de Frumerie,1978,En man som heter Ove
Benedict Cumberbatch,1976,Doctor Strange
Chiwetel Ejiofor,1977,Doctor Strange
Rachel McAdams,1978,Doctor Strange
Benedict Wong,1970,Doctor Strange
Mads Mikkelsen,1965,Doctor Strange
Tilda Swinton,1960,Doctor Strange
Michael Stuhlbarg,1968,Doctor Strange
Benjamin Bratt,1963,Doctor Strange
Scott Adkins,1976,Doctor Strange
Tom Cruise,1962,Jack Reacher: Never Go Back
Cobie Smulders,1982,Jack Reacher: Never Go Back
Aldis Hodge,1986,Jack Reacher: Never Go Back
Danika Yarosh,1998,Jack Reacher: Never Go Back
Holt McCallany,1963,Jack Reacher: Never Go Back
Tom Hanks,1956,Inferno
Felicity Jones,1983,Inferno
Omar Sy,1978,Inferno
Irrfan Khan,1967,Inferno
Sidse Babett Knudsen,1968,Inferno
Ben Foster,1980,Inferno
Ana Ularu,1985,Inferno
Sugar Lyn Beard,1981,Sausage Party
Michael Cera,1988,Sausage Party
Ian James Corlett,1962,Sausage Party
Michael Daingerfield,1970,Sausage Party
Brian Dobson,1973,Sausage Party
Michael Dobson,1966,Sausage Party
James Franco,1978,Sausage Party
Ben Affleck,1972,The Accountant
Anna Kendrick,1985,The Accountant
J.K. Simmons,1955,The Accountant
Jon Bernthal,1976,The Accountant
Jeffrey Tambor,1944,The Accountant
Cynthia Addai-Robinson,1985,The Accountant
John Lithgow,1945,The Accountant
Jean Smart,1951,The Accountant
Amy Adams,1974,Nocturnal Animals
Jake Gyllenhaal,1980,Nocturnal Animals
Michael Shannon,1974,Nocturnal Animals
Aaron Taylor-Johnson,1990,Nocturnal Animals
Isla Fisher,1976,Nocturnal Animals
Ellie Bamber,1997,Nocturnal Animals
Armie Hammer,1986,Nocturnal Animals
Karl Glusman,1988,Nocturnal Animals
Emily Blunt,1983,The Girl on the Train
Haley Bennett,1988,The Girl on the Train
Rebecca Ferguson,1983,The Girl on the Train
Justin Theroux,1971,The Girl on the Train
Luke Evans,1979,The Girl on the Train
Laura Prepon,1980,The Girl on the Train
Allison Janney,1959,The Girl on the Train
Darren Goldstein,1974,The Girl on the Train
Will Smith,1968,Suicide Squad
Ike Barinholtz,1977,Suicide Squad
Margot Robbie,1990,Suicide Squad
Christopher Dyson,1978,Suicide Squad
Bambadjan Bamba,1982,Suicide Squad
Viola Davis,1965,Suicide Squad
David Harbour,1975,Suicide Squad
Elizabeth Reaser,1975,Ouija: Origin of Evil
Henry Thomas,1971,Ouija: Origin of Evil
Alexis G. Zall,1998,Ouija: Origin of Evil
Doug Jones,1960,Ouija: Origin of Evil
Kate Siegel,1982,Ouija: Origin of Evil
Tyler Perry,1969,Boo! A Madea Halloween
Cassi Davis,1964,Boo! A Madea Halloween
Bella Thorne,1997,Boo! A Madea Halloween
Yousef Erakat,1990,Boo! A Madea Halloween
James McAvoy,1979,Split
Haley Lu Richardson,1995,Split
Anya Taylor-Joy,1996,Split
Kim Director,1974,Split
Maria Breyman,1987,Split
Jessica Sula,1994,Split
Betty Buckley,1947,Split
Brad William Henke,1966,Split
Lyne Renee,1979,Split
Eva Green,1980,Miss Peregrine's Home for Peculiar Children
Asa Butterfield,1997,Miss Peregrine's Home for Peculiar Children
Samuel L. Jackson,1948,Miss Peregrine's Home for Peculiar Children
Judi Dench,1934,Miss Peregrine's Home for Peculiar Children
Rupert Everett,1959,Miss Peregrine's Home for Peculiar Children
Allison Janney,1959,Miss Peregrine's Home for Peculiar Children
Chris O'Dowd,1979,Miss Peregrine's Home for Peculiar Children
Terence Stamp,1938,Miss Peregrine's Home for Peculiar Children
Ella Purnell,1996,Miss Peregrine's Home for Peculiar Children
Zach Galifianakis,1969,Keeping Up with the Joneses
Isla Fisher,1976,Keeping Up with the Joneses
Jon Hamm,1971,Keeping Up with the Joneses
Gal Gadot,1985,Keeping Up with the Joneses
Patton Oswalt,1969,Keeping Up with the Joneses
Matt Walsh,1964,Keeping Up with the Joneses
Andrew Garfield,1983,Hacksaw Ridge
Hugo Weaving,1960,Hacksaw Ridge
Anna Kendrick,1985,Trolls
Justin Timberlake,1981,Trolls
Zooey Deschanel,1980,Trolls
Christopher Mintz-Plasse,1989,Trolls
Christine Baranski,1952,Trolls
Russell Brand,1975,Trolls
Gwen Stefani,1969,Trolls
John Cleese,1939,Trolls
James Corden,1978,Trolls
Viggo Mortensen,1958,Captain Fantastic
George MacKay,1992,Captain Fantastic
Samantha Isler,1998,Captain Fantastic
Nicholas Hamilton,2000,Captain Fantastic
Kathryn Hahn,1973,Captain Fantastic
Chris Pine,1980,Star Trek Beyond
Zachary Quinto,1977,Star Trek Beyond
Karl Urban,1972,Star Trek Beyond
Zoe Saldana,1978,Star Trek Beyond
Simon Pegg,1970,Star Trek Beyond
John Cho,1972,Star Trek Beyond
Anton Yelchin,1989,Star Trek Beyond
Idris Elba,1972,Star Trek Beyond
Sofia Boutella,1982,Star Trek Beyond
Mila Kunis,1983,Bad Moms
Kathryn Hahn,1973,Bad Moms
Kristen Bell,1980,Bad Moms
Christina Applegate,1971,Bad Moms
Jada Pinkett Smith,1971,Bad Moms
Annie Mumolo,1973,Bad Moms
Oona Laurence,2002,Bad Moms
Emjay Anthony,2003,Bad Moms
David Walton,1978,Bad Moms
Zach Woods,1984,Ghostbusters
Kristen Wiig,1973,Ghostbusters
Ed Begley Jr.,1949,Ghostbusters
Charles Dance,1946,Ghostbusters
Melissa McCarthy,1970,Ghostbusters
Kate McKinnon,1984,Ghostbusters
Amy Adams,1974,Arrival
Jeremy Renner,1971,Arrival
Michael Stuhlbarg,1968,Arrival
Forest Whitaker,1961,Arrival
Mark O'Brien,1984,Arrival
Stephen Lang,1952,Don't Breathe
Jane Levy,1989,Don't Breathe
Dylan Minnette,1996,Don't Breathe
Katia Bokor,1975,Don't Breathe
Sergej Onopko,1985,Don't Breathe
Emma Roberts,1991,Nerve
Dave Franco,1985,Nerve
Emily Meade,1989,Nerve
Miles Heizer,1994,Nerve
Kimiko Glenn,1989,Nerve
Marc John Jefferies,1990,Nerve
Machine Gun Kelly,1990,Nerve
Ellen DeGeneres,1958,Finding Dory
Albert Brooks,1947,Finding Dory
Ed O'Neill,1946,Finding Dory
Kaitlin Olson,1975,Finding Dory
Ty Burrell,1967,Finding Dory
Diane Keaton,1946,Finding Dory
Eugene Levy,1946,Finding Dory
Brenton Thwaites,1989,Gods of Egypt
Courtney Eaton,1996,Gods of Egypt
Nikolaj Coster-Waldau,1970,Gods of Egypt
Emily Wheaton,1989,Gods of Egypt
Elodie Yung,1981,Gods of Egypt
Rachael Blake,1971,Gods of Egypt
James McAvoy,1979,X-Men: Apocalypse
Michael Fassbender,1977,X-Men: Apocalypse
Jennifer Lawrence,1990,X-Men: Apocalypse
Nicholas Hoult,1989,X-Men: Apocalypse
Oscar Isaac,1979,X-Men: Apocalypse
Rose Byrne,1979,X-Men: Apocalypse
Evan Peters,1987,X-Men: Apocalypse
Josh Helman,1986,X-Men: Apocalypse
Sophie Turner,1996,X-Men: Apocalypse
Ryan Reynolds,1976,Deadpool
Ed Skrein,1983,Deadpool
Michael Benyaer,1970,Deadpool
Stefan Kapicic,1978,Deadpool
Brianna Hildebrand,1996,Deadpool
Kyle Cassie,1976,Deadpool
Taylor Hickson,1997,Deadpool
Liam Hemsworth,1990,Independence Day: Resurgence
Jeff Goldblum,1952,Independence Day: Resurgence
Jessie T. Usher,1992,Independence Day: Resurgence
Bill Pullman,1953,Independence Day: Resurgence
Maika Monroe,1993,Independence Day: Resurgence
Sela Ward,1956,Independence Day: Resurgence
William Fichtner,1956,Independence Day: Resurgence
Judd Hirsch,1935,Independence Day: Resurgence
Brent Spiner,1949,Independence Day: Resurgence
Mark Rylance,1960,The BFG
Ruby Barnhill,2004,The BFG
Penelope Wilton,1946,The BFG
Jemaine Clement,1974,The BFG
Rebecca Hall,1982,The BFG
Rafe Spall,1983,The BFG
Bill Hader,1978,The BFG
Adam Godley,1964,The BFG
Jamie Dornan,1982,Anthropoid
Cillian Murphy,1976,Anthropoid
Charlotte Le Bon,1986,Anthropoid
Harry Lloyd,1983,Anthropoid
Marcin Dorocinski,1973,Anthropoid
Denzel Washington,1954,The Magnificent Seven
Chris Pratt,1979,The Magnificent Seven
Ethan Hawke,1970,The Magnificent Seven
Vincent D'Onofrio,1959,The Magnificent Seven
Byung-hun Lee,1970,The Magnificent Seven
Manuel Garcia-Rulfo,1981,The Magnificent Seven
Haley Bennett,1988,The Magnificent Seven
Peter Sarsgaard,1971,The Magnificent Seven
Mark Wahlberg,1971,Deepwater Horizon
Kurt Russell,1951,Deepwater Horizon
Douglas M. Griffin,1966,Deepwater Horizon
James DuMont,1965,Deepwater Horizon
Gina Rodriguez,1984,Deepwater Horizon
Brad Leland,1954,Deepwater Horizon
John Malkovich,1953,Deepwater Horizon
Bryan Cranston,1956,The Infiltrator
Daniel Mays,1978,The Infiltrator
Tom Vaughan-Lawlor,1977,The Infiltrator
Juliet Aubrey,1966,The Infiltrator
Olympia Dukakis,1931,The Infiltrator
Amy Ryan,1968,The Infiltrator
Teresa Palmer,1986,Lights Out
Billy Burke,1966,Lights Out
Maria Bello,1967,Lights Out
Alicia Vela-Bailey,1982,Lights Out
Andi Osho,1973,Lights Out
Ethan Hawke,1970,In a Valley of Violence
John Travolta,1954,In a Valley of Violence
Taissa Farmiga,1994,In a Valley of Violence
James Ransone,1979,In a Valley of Violence
Karen Gillan,1987,In a Valley of Violence
Toby Huss,1966,In a Valley of Violence
Larry Fessenden,1963,In a Valley of Violence
Ginnifer Goodwin,1978,Zootopia
Jason Bateman,1969,Zootopia
Idris Elba,1972,Zootopia
Jenny Slate,1982,Zootopia
Nate Torrence,1977,Zootopia
Bonnie Hunt,1961,Zootopia
Don Lake,1956,Zootopia
Tommy Chong,1938,Zootopia
J.K. Simmons,1955,Zootopia
Christoph Waltz,1956,The Legend of Tarzan
Samuel L. Jackson,1948,The Legend of Tarzan
Margot Robbie,1990,The Legend of Tarzan
Travis Fimmel,1979,Warcraft
Paula Patton,1975,Warcraft
Ben Foster,1980,Warcraft
Dominic Cooper,1978,Warcraft
Toby Kebbell,1982,Warcraft
Robert Kazinsky,1983,Warcraft
Clancy Brown,1959,Warcraft
Daniel Wu,1974,Warcraft
Chris Evans,1981,Captain America: Civil War
Robert Downey Jr.,1965,Captain America: Civil War
Scarlett Johansson,1984,Captain America: Civil War
Sebastian Stan,1982,Captain America: Civil War
Anthony Mackie,1978,Captain America: Civil War
Don Cheadle,1964,Captain America: Civil War
Jeremy Renner,1971,Captain America: Civil War
Chadwick Boseman,1976,Captain America: Civil War
Paul Bettany,1971,Captain America: Civil War
Kristen Stewart,1990,Billy Lynn's Long Halftime Walk
Vin Diesel,1967,Billy Lynn's Long Halftime Walk
Garrett Hedlund,1984,Billy Lynn's Long Halftime Walk
Steve Martin,1945,Billy Lynn's Long Halftime Walk
Chris Tucker,1972,Billy Lynn's Long Halftime Walk
Deirdre Lovejoy,1962,Billy Lynn's Long Halftime Walk
Joe Alwyn,1991,Billy Lynn's Long Halftime Walk
Mahershala Ali,1974,Moonlight
Naomie Harris,1976,Moonlight
Ewan McGregor,1971,American Pastoral
Jennifer Connelly,1970,American Pastoral
Dakota Fanning,1994,American Pastoral
Peter Riegert,1947,American Pastoral
Rupert Evans,1976,American Pastoral
Uzo Aduba,1981,American Pastoral
Molly Parker,1972,American Pastoral
Valorie Curry,1986,American Pastoral
Sam Claflin,1986,Me Before You
Emilia Clarke,1986,Me Before You
Samantha Spiro,1968,Me Before You
Brendan Coyle,1963,Me Before You
Ben Affleck,1972,Batman v Superman: Dawn of Justice
Henry Cavill,1983,Batman v Superman: Dawn of Justice
Amy Adams,1974,Batman v Superman: Dawn of Justice
Jesse Eisenberg,1983,Batman v Superman: Dawn of Justice
Diane Lane,1965,Batman v Superman: Dawn of Justice
Laurence Fishburne,1961,Batman v Superman: Dawn of Justice
Jeremy Irons,1948,Batman v Superman: Dawn of Justice
Holly Hunter,1958,Batman v Superman: Dawn of Justice
Gal Gadot,1985,Batman v Superman: Dawn of Justice
Johnny Depp,1963,Alice Through the Looking Glass
Mia Wasikowska,1989,Alice Through the Looking Glass
Helena Bonham Carter,1966,Alice Through the Looking Glass
Anne Hathaway,1982,Alice Through the Looking Glass
Sacha Baron Cohen,1971,Alice Through the Looking Glass
Rhys Ifans,1967,Alice Through the Looking Glass
Matt Lucas,1974,Alice Through the Looking Glass
Lindsay Duncan,1950,Alice Through the Looking Glass
Leo Bill,1980,Alice Through the Looking Glass
Ajay Devgn,1969,Shivaay
Girish Karnad,1938,Shivaay
Saurabh Shukla,1963,Shivaay
James Franco,1978,King Cobra
Alicia Silverstone,1976,King Cobra
Molly Ringwald,1968,King Cobra
Christian Slater,1969,King Cobra
Keegan Allen,1989,King Cobra
Sean Grandillo,1992,King Cobra
Patrick Wilson,1973,The Conjuring 2
Vera Farmiga,1973,The Conjuring 2
Madison Wolfe,2002,The Conjuring 2
Frances O'Connor,1967,The Conjuring 2
Simon McBurney,1957,The Conjuring 2
Maria Doyle Kennedy,1964,The Conjuring 2
Tom Hanks,1956,Sully
Aaron Eckhart,1968,Sully
Valerie Mahaffey,1953,Sully
Delphi Harrington,1937,Sully
Mike O'Malley,1966,Sully
Jamey Sheridan,1951,Sully
Anna Gunn,1968,Sully
Holt McCallany,1963,Sully
Zac Efron,1987,Mike and Dave Need Wedding Dates
Adam Devine,1983,Mike and Dave Need Wedding Dates
Anna Kendrick,1985,Mike and Dave Need Wedding Dates
Aubrey Plaza,1984,Mike and Dave Need Wedding Dates
Stephen Root,1951,Mike and Dave Need Wedding Dates
Stephanie Faracy,1952,Mike and Dave Need Wedding Dates
Sugar Lyn Beard,1981,Mike and Dave Need Wedding Dates
Keanu Reeves,1964,The Whole Truth
Gugu Mbatha-Raw,1983,The Whole Truth
Jim Belushi,1954,The Whole Truth
Lara Grice,1971,The Whole Truth
Daniel Radcliffe,1989,Imperium
Toni Collette,1972,Imperium
Tracy Letts,1965,Imperium
Sam Trammell,1969,Imperium
Nestor Carbonell,1967,Imperium
Pawel Szajda,1982,Imperium
Luis Gnecco,1962,Neruda
Alfredo Castro,1955,Neruda
Pablo Derqui,1976,Neruda
Alejandro Goic,1969,Neruda
Kate McKinnon,1984,Masterminds
Kristen Wiig,1973,Masterminds
Zach Galifianakis,1969,Masterminds
Jason Sudeikis,1975,Masterminds
Leslie Jones,1967,Masterminds
Owen Wilson,1968,Masterminds
Mary Elizabeth Ellis,1979,Masterminds
Ken Marino,1968,Masterminds
Devin Ratray,1977,Masterminds
Kevin Spacey,1959,Nine Lives
Jennifer Garner,1972,Nine Lives
Robbie Amell,1988,Nine Lives
Cheryl Hines,1965,Nine Lives
Mark Consuelos,1971,Nine Lives
Christopher Walken,1943,Nine Lives
Teddy Sears,1977,Nine Lives
Russell Crowe,1964,The Nice Guys
Ryan Gosling,1980,The Nice Guys
Matt Bomer,1977,The Nice Guys
Yaya DaCosta,1982,The Nice Guys
Keith David,1956,The Nice Guys
Lois Smith,1930,The Nice Guys
Paul Dano,1984,Swiss Army Man
Daniel Radcliffe,1989,Swiss Army Man
Mary Elizabeth Winstead,1984,Swiss Army Man
Dwayne Johnson,1972,Central Intelligence
Kevin Hart,1979,Central Intelligence
Amy Ryan,1968,Central Intelligence
Danielle Nicolet,1973,Central Intelligence
Jason Bateman,1969,Central Intelligence
Aaron Paul,1979,Central Intelligence
Ryan Hansen,1981,Central Intelligence
Tim Griffin,1969,Central Intelligence
Jamie Dornan,1982,The Siege of Jadotville
Mark Strong,1963,The Siege of Jadotville
Jason O'Mara,1972,The Siege of Jadotville
Emmanuelle Seigner,1966,The Siege of Jadotville
Mikael Persbrandt,1963,The Siege of Jadotville
Guillaume Canet,1973,The Siege of Jadotville
Fiona Glascott,1982,The Siege of Jadotville
Michael McElhatton,1963,The Siege of Jadotville
Blake Lively,1987,The Shallows
Brett Cullen,1956,The Shallows
Neel Sethi,2003,The Jungle Book
Bill Murray,1950,The Jungle Book
Ben Kingsley,1943,The Jungle Book
Idris Elba,1972,The Jungle Book
Lupita Nyong'o,1983,The Jungle Book
Scarlett Johansson,1984,The Jungle Book
Giancarlo Esposito,1958,The Jungle Book
Christopher Walken,1943,The Jungle Book
Garry Shandling,1949,The Jungle Book
Mel Gibson,1956,Blood Father
Erin Moriarty,1994,Blood Father
Diego Luna,1979,Blood Father
Michael Parks,1940,Blood Father
William H. Macy,1950,Blood Father
Miguel Sandoval,1951,Blood Father
Dale Dickey,1961,Blood Father
Louis C.K.,1967,The Secret Life of Pets
Eric Stonestreet,1971,The Secret Life of Pets
Kevin Hart,1979,The Secret Life of Pets
Jenny Slate,1982,The Secret Life of Pets
Ellie Kemper,1980,The Secret Life of Pets
Albert Brooks,1947,The Secret Life of Pets
Lake Bell,1979,The Secret Life of Pets
Dana Carvey,1955,The Secret Life of Pets
Hannibal Buress,1983,The Secret Life of Pets
Andy Samberg,1978,Storks
Kelsey Grammer,1955,Storks
Jennifer Aniston,1969,Storks
Ty Burrell,1967,Storks
Keegan-Michael Key,1971,Storks
Jordan Peele,1979,Storks
Danny Trejo,1944,Storks
Elle Fanning,1998,The Neon Demon
Karl Glusman,1988,The Neon Demon
Jena Malone,1984,The Neon Demon
Bella Heathcote,1987,The Neon Demon
Abbey Lee,1987,The Neon Demon
Desmond Harrington,1976,The Neon Demon
Christina Hendricks,1975,The Neon Demon
Keanu Reeves,1964,The Neon Demon
Charles Baker,1971,The Neon Demon
Kelly Chen,1972,Tokyo Zance
Melissa Leo,1960,Snowden
Zachary Quinto,1977,Snowden
Joseph Gordon-Levitt,1981,Snowden
Jaymes Butler,1959,Snowden
Rhys Ifans,1967,Snowden
Frank Grillo,1965,The Purge: Election Year
Elizabeth Mitchell,1970,The Purge: Election Year
Mykelti Williamson,1957,The Purge: Election Year
Edwin Hodge,1985,The Purge: Election Year
Kyle Secor,1957,The Purge: Election Year
Barry Nolan,1947,The Purge: Election Year
Miles Teller,1987,Bleed for This
Katey Sagal,1954,Bleed for This
Aaron Eckhart,1968,Bleed for This
Ted Levine,1957,Bleed for This
Tina Casciani,1982,Bleed for This
Jesse Eisenberg,1983,Now You See Me 2
Mark Ruffalo,1967,Now You See Me 2
Woody Harrelson,1961,Now You See Me 2
Dave Franco,1985,Now You See Me 2
Daniel Radcliffe,1989,Now You See Me 2
Lizzy Caplan,1982,Now You See Me 2
Jay Chou,1979,Now You See Me 2
Sanaa Lathan,1971,Now You See Me 2
Michael Caine,1933,Now You See Me 2
Matthew McConaughey,1969,Free State of Jones
Gugu Mbatha-Raw,1983,Free State of Jones
Mahershala Ali,1974,Free State of Jones
Keri Russell,1976,Free State of Jones
Sean Bridgers,1968,Free State of Jones
Jacob Lofland,1996,Free State of Jones
Gemma Jones,1942,Bridget Jones's Baby
Jim Broadbent,1949,Bridget Jones's Baby
Sally Phillips,1970,Bridget Jones's Baby
Julian Rhind-Tutt,1968,Bridget Jones's Baby
Shirley Henderson,1965,Bridget Jones's Baby
Ben Willbond,1973,Bridget Jones's Baby
Paul Bentall,1948,Bridget Jones's Baby
Colin Firth,1960,Bridget Jones's Baby
Josh Brener,1984,Max Steel
Maria Bello,1967,Max Steel
Andy Garcia,1956,Max Steel
Phillip DeVona,1970,Max Steel
Billy Slaughter,1980,Max Steel
Megan Fox,1986,Teenage Mutant Ninja Turtles: Out of the Shadows
Will Arnett,1970,Teenage Mutant Ninja Turtles: Out of the Shadows
Laura Linney,1964,Teenage Mutant Ninja Turtles: Out of the Shadows
Stephen Amell,1981,Teenage Mutant Ninja Turtles: Out of the Shadows
Noel Fisher,1984,Teenage Mutant Ninja Turtles: Out of the Shadows
Jeremy Howard,1981,Teenage Mutant Ninja Turtles: Out of the Shadows
Pete Ploszek,1987,Teenage Mutant Ninja Turtles: Out of the Shadows
Alan Ritchson,1984,Teenage Mutant Ninja Turtles: Out of the Shadows
Tyler Perry,1969,Teenage Mutant Ninja Turtles: Out of the Shadows
Zach Woods,1984,Mascots
Wayne Wilderson,1966,Mascots
Michael Hitchcock,1958,Mascots
Parker Posey,1968,Mascots
Chris O'Dowd,1979,Mascots
Min-hee Kim,1982,Ah-ga-ssi
Kim Tae-ri,1990,Ah-ga-ssi
Jung-woo Ha,1978,Ah-ga-ssi
Jin-woong Jo,1976,Ah-ga-ssi
So-ri Moon,1974,Ah-ga-ssi
Hae-suk Kim,1955,Ah-ga-ssi
Neil deGrasse Tyson,1958,Ice Age: Collision Course
Adam Devine,1983,Ice Age: Collision Course
Jesse Tyler Ferguson,1975,Ice Age: Collision Course
Max Greenfield,1980,Ice Age: Collision Course
Jessie J,1988,Ice Age: Collision Course
Queen Latifah,1970,Ice Age: Collision Course
Denis Leary,1957,Ice Age: Collision Course
John Krasinski,1979,13 Hours
James Badge Dale,1978,13 Hours
Pablo Schreiber,1978,13 Hours
David Denman,1973,13 Hours
Dominic Fumusa,1969,13 Hours
Max Martini,1969,13 Hours
Peyman Moaadi,1970,13 Hours
Ryan Gosling,1980,La La Land
Emma Stone,1988,La La Land
Cameron McKendry,1996,I'm Not Ashamed
Victoria Staley,1996,I'm Not Ashamed
Taylor Kalupa,1990,I'm Not Ashamed
Hailee Steinfeld,1996,The Edge of Seventeen
Haley Lu Richardson,1995,The Edge of Seventeen
Blake Jenner,1992,The Edge of Seventeen
Kyra Sedgwick,1965,The Edge of Seventeen
Woody Harrelson,1961,The Edge of Seventeen
Hayden Szeto,1985,The Edge of Seventeen
Eric Keenleyside,1957,The Edge of Seventeen
Matt Damon,1970,Jason Bourne
Tommy Lee Jones,1946,Jason Bourne
Alicia Vikander,1988,Jason Bourne
Vincent Cassel,1966,Jason Bourne
Julia Stiles,1981,Jason Bourne
Riz Ahmed,1982,Jason Bourne
Ato Essandoh,1972,Jason Bourne
Sasha Lane,1995,American Honey
Shia LaBeouf,1986,American Honey
Riley Keough,1989,American Honey
Jason Statham,1967,Mechanic: Resurrection
Jessica Alba,1981,Mechanic: Resurrection
Tommy Lee Jones,1946,Mechanic: Resurrection
Michelle Yeoh,1962,Mechanic: Resurrection
Sam Hazeldine,1972,Mechanic: Resurrection
John Cenatiempo,1963,Mechanic: Resurrection
Yoo Gong,1979,Busanhaeng
Yu-mi Jeong,1983,Busanhaeng
Dong-seok Ma,1971,Busanhaeng
Woo-sik Choi,1990,Busanhaeng
Sohee,1992,Busanhaeng
Sacha Baron Cohen,1971,Grimsby
Rebel Wilson,1980,Grimsby
Mark Strong,1963,Grimsby
Lex Shrapnel,1979,Grimsby
Isla Fisher,1976,Grimsby
Dale Dickey,1961,Hell or High Water
Ben Foster,1980,Hell or High Water
Chris Pine,1980,Hell or High Water
Buck Taylor,1938,Hell or High Water
Jeff Bridges,1949,Hell or High Water
Gil Birmingham,1953,Hell or High Water
John Goodman,1952,10 Cloverfield Lane
Mary Elizabeth Winstead,1984,10 Cloverfield Lane
John Gallagher Jr.,1984,10 Cloverfield Lane
Douglas M. Griffin,1966,10 Cloverfield Lane
Suzanne Cryer,1967,10 Cloverfield Lane
Bradley Cooper,1975,10 Cloverfield Lane
Chris Pine,1980,The Finest Hours
Casey Affleck,1975,The Finest Hours
Ben Foster,1980,The Finest Hours
Eric Bana,1968,The Finest Hours
Holliday Grainger,1988,The Finest Hours
John Ortiz,1968,The Finest Hours
Kyle Gallner,1986,The Finest Hours
Graham McTavish,1961,The Finest Hours
